timetag,range,lon,lat
2027-05-02T01:13:05.000000,6989.25675485254,149.605900708562,-41.6401822451036
2027-05-02T01:13:10.000000,6974.55354935689,149.602748212972,-41.3317159060997
2027-05-02T01:13:15.000000,6965.29825565119,149.426511687418,-41.0057270582621
2027-05-02T01:13:20.000000,6986.89077250395,149.375702926655,-40.7270068747636
2027-05-02T01:13:25.000000,6971.50338466664,149.192838256867,-40.300044598462
2027-05-02T01:13:30.000000,6978.78531918667,149.133921537757,-40.1329600709977
2027-05-02T01:13:35.000000,6986.14773307066,149.024053675953,-39.7294849988913
2027-05-02T01:13:40.000000,7001.52949393256,149.043513796287,-39.4607538344271
2027-05-02T01:13:45.000000,6989.55557003846,148.916618109855,-39.264458720845
2027-05-02T01:13:50.000000,6971.3615155189,148.890587381755,-38.879122249793
2027-05-02T01:13:55.000000,6998.23365772228,148.642768201274,-38.6641914200335
2027-05-02T01:14:00.000000,6976.67293325176,148.641705887295,-38.2930225676113
2027-05-02T01:14:05.000000,6983.98509991304,148.547986747186,-37.8871421807734
2027-05-02T01:14:10.000000,6973.19000811646,148.516371786468,-37.5455792047147
2027-05-02T01:14:15.000000,6983.77590652926,148.348722672457,-37.5012077630293
2027-05-02T01:14:20.000000,6992.89181534059,148.413284799427,-37.058812852974
2027-05-02T01:14:25.000000,6978.53916764315,148.13979098754,-36.7454549091461
2027-05-02T01:14:30.000000,6963.04678800237,148.061708940784,-36.4750494688298
2027-05-02T01:14:35.000000,6971.50799973504,148.001869921117,-36.1794312474089
2027-05-02T01:14:40.000000,6968.0928249968,147.891687458966,-35.8501315762507
2027-05-02T01:14:45.000000,6991.26164641642,147.77733921959,-35.5742743634112
2027-05-02T01:14:50.000000,6987.25164059736,147.765112418899,-35.148428937177
2027-05-02T01:14:55.000000,6956.01268221849,147.668728858119,-34.8528732508046
2027-05-02T01:15:00.000000,6980.48749505981,147.514741151094,-34.5907571126482
2027-05-02T01:15:05.000000,6980.21924029412,147.49541270044,-34.3578728311192
2027-05-02T01:15:10.000000,6985.88957033257,147.347909658016,-33.8915139495339
2027-05-02T01:15:15.000000,6984.20667205619,147.148681572793,-33.7604199648551
2027-05-02T01:15:20.000000,6993.53312937406,147.108736673959,-33.2601476995468
2027-05-02T01:15:25.000000,6977.76829637211,147.131196301269,-33.0721028429195
2027-05-02T01:15:30.000000,7002.07321307209,147.162789890518,-32.7927878403176
2027-05-02T01:15:35.000000,6971.34068650719,146.966171664405,-32.359828851294
2027-05-02T01:15:40.000000,6988.01389255709,146.813980448259,-32.2385256378847
2027-05-02T01:15:45.000000,6981.5199219952,146.857955905899,-31.8047192606414
2027-05-02T01:15:50.000000,6975.00366410161,146.734113218998,-31.3924393146688
2027-05-02T01:15:55.000000,6953.01331667907,146.717001745163,-31.3490504388617
2027-05-02T01:16:00.000000,6992.75573218463,146.540488884039,-31.0289064314374
2027-05-02T01:16:05.000000,6980.28319727342,146.442658196559,-30.5947234342159
2027-05-02T01:16:10.000000,6987.25604425036,146.356061280251,-30.3211559130388
2027-05-02T01:16:15.000000,6979.84939664052,146.321862355423,-29.9804553564856
2027-05-02T01:16:20.000000,6960.42264556908,146.308497825898,-29.6960486510366
2027-05-02T01:16:25.000000,6975.90156514332,146.168737468315,-29.3979717431626
2027-05-02T01:16:30.000000,6974.4593856624,146.127439204736,-29.1050359055331
2027-05-02T01:16:35.000000,6986.1097034186,146.120756647282,-28.7475745614477
2027-05-02T01:16:40.000000,6971.26562952585,145.9053754222,-28.5530307577207
2027-05-02T01:16:45.000000,6987.6235943353,145.780150786924,-28.1507712499185
2027-05-02T01:16:50.000000,6981.34290486729,145.748036436618,-28.0303033108456
2027-05-02T01:16:55.000000,6985.32698190426,145.757708233358,-27.4546852028987
2027-05-02T01:17:00.000000,6984.62349843618,145.786304301515,-27.261789188329
2027-05-02T01:17:05.000000,6989.71767160764,145.550627543848,-27.0456407923817
2027-05-02T01:17:10.000000,6988.48161644226,145.524438873919,-26.6106452719609
2027-05-02T01:17:15.000000,6974.33437083285,145.434131058754,-26.3392101150805
2027-05-02T01:17:20.000000,6986.77792485507,145.401124434817,-26.0778175711306
2027-05-02T01:17:25.000000,6986.35114318598,145.340740999855,-25.7775682227595
2027-05-02T01:17:30.000000,6989.46063510218,145.227134286159,-25.471096605202
2027-05-02T01:17:35.000000,6977.52192659157,145.147074129825,-25.1345263889837
2027-05-02T01:17:40.000000,6966.89047712264,145.071563742132,-24.845131520759
2027-05-02T01:17:45.000000,6983.02613387545,144.917722696415,-24.4240797078517
2027-05-02T01:17:50.000000,7003.77570566536,144.94126022568,-24.2431694369201
2027-05-02T01:17:55.000000,6985.49090439336,144.91887943941,-23.907905893867
2027-05-02T01:18:00.000000,6980.62042344759,144.967617683494,-23.5531320525105
2027-05-02T01:18:05.000000,6964.82445690427,144.680360017713,-23.3021057743912
2027-05-02T01:18:10.000000,6982.28743348728,144.627602361967,-22.9659670211827
2027-05-02T01:18:15.000000,6979.38496579685,144.573389496704,-22.6893242003342
2027-05-02T01:18:20.000000,6980.11057100558,144.594071005508,-22.3711690725327
2027-05-02T01:18:25.000000,6980.56218987562,144.373882268788,-22.0254194625054
2027-05-02T01:18:30.000000,6993.27015627921,144.366085420072,-21.8693747947582
2027-05-02T01:18:35.000000,6967.45249716245,144.366238101492,-21.4680448568752
2027-05-02T01:18:40.000000,6984.17289902436,144.288146550459,-20.944088646287
2027-05-02T01:18:45.000000,6992.0086320292,144.121231143435,-20.8507535482314
2027-05-02T01:18:50.000000,6973.43888684577,144.041676615335,-20.5550396645357
2027-05-02T01:18:55.000000,6987.87099807695,144.039184763753,-20.1000692714333
2027-05-02T01:19:00.000000,6977.67279309147,144.020194727848,-19.8993175608275
2027-05-02T01:19:05.000000,6973.43622207897,143.907806481373,-19.6349434996916
2027-05-02T01:19:10.000000,6995.60641691855,143.869502797616,-19.3271925367247
2027-05-02T01:19:15.000000,6962.60374697638,143.644152202025,-18.9691819594455
2027-05-02T01:19:20.000000,6995.70314160315,143.619961478966,-18.6634764622686
2027-05-02T01:19:25.000000,6978.75322813111,143.720724737039,-18.346526716334
2027-05-02T01:19:30.000000,6995.37425639996,143.475977175634,-17.8886773925629
2027-05-02T01:19:35.000000,6977.87245511275,143.45010304495,-17.8260302465676
2027-05-02T01:19:40.000000,6980.66541429111,143.365255986326,-17.4569242897323
2027-05-02T01:19:45.000000,6981.05402366204,143.358503167402,-17.2063622980453
2027-05-02T01:19:50.000000,6992.7106410441,143.172413967068,-16.8686824127342
2027-05-02T01:19:55.000000,6973.97338770471,143.202030885551,-16.4882223172138
2027-05-02T01:32:55.000000,6974.49293695695,132.74773407788,31.3056698230011
2027-05-02T01:33:00.000000,6964.97339382564,132.601323935756,31.4837409647328
2027-05-02T01:33:05.000000,6979.03900004972,132.427063531392,31.9209586077602
2027-05-02T01:33:10.000000,6988.64328653522,132.445178239212,32.2887435654884
2027-05-02T01:33:15.000000,6975.54383176585,132.37701770181,32.5477858823084
2027-05-02T01:33:20.000000,6987.23247580801,132.404988743973,32.8909391523303
2027-05-02T01:33:25.000000,6980.46816769498,132.160460834265,33.1085206748906
2027-05-02T01:33:30.000000,6962.62619112866,132.223288723095,33.463667807786
2027-05-02T01:33:35.000000,6987.98124643042,132.146695392475,33.6388279640127
2027-05-02T01:33:40.000000,6976.73386873362,131.864175573602,34.184641829138
2027-05-02T01:33:45.000000,6966.97193791628,131.939969392246,34.4150666417733
2027-05-02T01:33:50.000000,6962.7569946868,131.806641008097,34.6909696449699
2027-05-02T01:33:55.000000,6972.92414521204,131.716767679124,35.0265762267535
2027-05-02T01:34:00.000000,6984.00022329855,131.570964811142,35.3473730304225
2027-05-02T01:34:05.000000,6986.8721991093,131.524997139358,35.6867412968081
2027-05-02T01:34:10.000000,6975.48575391493,131.489640020264,35.9404360370155
2027-05-02T01:34:15.000000,6982.01313285034,131.497959731234,36.2269085347809
2027-05-02T01:34:20.000000,6977.10664171984,131.282744236196,36.5389733729314
2027-05-02T01:34:25.000000,6954.37039961379,131.305535769519,36.8344027648148
2027-05-02T01:34:30.000000,6977.19792293489,131.11289153604,37.2490765506155
2027-05-02T01:34:35.000000,6989.61235760325,131.070453718722,37.484882657153
2027-05-02T01:34:40.000000,6972.90527866614,130.79768751516,37.831359485666
2027-05-02T01:34:45.000000,6985.49592323989,130.875786717297,38.015699423472
2027-05-02T01:34:50.000000,6987.16831647105,130.823720547084,38.3614219379297
2027-05-02T01:34:55.000000,6975.87856967215,130.670457828049,38.727124359816
2027-05-02T01:35:00.000000,6981.43770605673,130.624793528662,39.0280865363525
2027-05-02T01:35:05.000000,6960.71379094452,130.432049761973,39.2079625951205
2027-05-02T01:35:10.000000,6970.36836452509,130.284577362328,39.5516410729415
2027-05-02T01:35:15.000000,6989.23949760986,130.170885174183,39.7556661275986
2027-05-02T01:35:20.000000,6988.63495657165,130.254033631852,40.2525452622225
2027-05-02T01:35:25.000000,6968.81207948514,130.033642937898,40.5158591312614
2027-05-02T01:35:30.000000,6981.9570004081,129.986025930622,40.9206831532046
2027-05-02T01:35:35.000000,6994.51859513813,129.97216569263,41.2181774588833
2027-05-02T01:35:40.000000,6976.35395407072,129.67117533053,41.3825851668677
2027-05-02T01:35:45.000000,6980.18472388409,129.645074905723,41.703471056044
2027-05-02T01:35:50.000000,6986.6813742557,129.579615117731,42.0253670030786
2027-05-02T01:35:55.000000,6982.43917340797,129.605865354489,42.3801232847347
2027-05-02T01:36:00.000000,6974.46266017815,129.442985390207,42.674570943877
2027-05-02T01:36:05.000000,6957.60595350427,129.366901417565,42.8888101097459
2027-05-02T01:36:10.000000,6984.39020996915,129.195369342824,43.1975552761652
2027-05-02T01:44:20.000000,6973.41695074962,108.60761062401,72.3967980649455
2027-05-02T01:44:25.000000,6966.09793363644,108.095772978108,72.6922929798947
2027-05-02T01:44:30.000000,6964.91442403858,107.673795847268,72.9549011973019
2027-05-02T01:44:35.000000,6978.62733318761,107.205054110324,73.2516785779472
2027-05-02T01:44:40.000000,6964.50635358676,106.610645601153,73.5519144930691
2027-05-02T01:44:45.000000,6976.62438581861,106.071518435225,73.7935700616254
2027-05-02T01:44:50.000000,6959.01807676295,105.496642108483,74.0041200765379
2027-05-02T01:44:55.000000,6970.02197983387,104.864542597278,74.4028517239429
2027-05-02T01:45:00.000000,6970.58952529354,104.32991871772,74.5517025104084
2027-05-02T01:45:05.000000,6972.80347392888,103.697999172265,74.8570869670648
2027-05-02T01:45:10.000000,6983.93406710753,103.079717015687,75.1314207531571
2027-05-02T01:45:15.000000,6973.51702241007,102.331750381633,75.3410923782906
2027-05-02T01:45:20.000000,6966.71925828441,101.487648852673,75.6429582038002
2027-05-02T01:45:25.000000,6963.79406506856,100.879564651727,75.8667382532713
2027-05-02T01:45:30.000000,6955.64659879215,100.034804178519,76.2623913495348
2027-05-02T01:45:35.000000,6977.16087315686,99.3543060214338,76.3554647950077
2027-05-02T01:45:40.000000,6975.77272076108,98.5897022076147,76.7182592416689
2027-05-02T01:45:45.000000,6962.46778833476,97.6489090974878,76.9139005360791
2027-05-02T01:45:50.000000,6976.71854987317,96.836293360616,77.1946508664419
2027-05-02T01:45:55.000000,6971.10843432998,95.830100510007,77.4356380924343
2027-05-02T01:46:00.000000,6955.81225645427,95.0677025560667,77.593353866955
2027-05-02T01:46:05.000000,6966.12238800054,94.0163137367589,77.9432658235277
2027-05-02T01:46:10.000000,6959.71087204892,92.9745058039838,78.1099409304959
2027-05-02T01:46:15.000000,6949.52755648784,91.8556076009646,78.3479340062208
2027-05-02T01:46:20.000000,6953.89709686617,90.9239581547571,78.4674051708321
2027-05-02T01:46:25.000000,6969.89083324485,89.7291366658343,78.7637832407775
2027-05-02T01:46:30.000000,6969.61922682934,88.6090562799181,78.891652932198
2027-05-02T01:46:35.000000,6981.87081671901,87.3866855032586,79.037091517437
2027-05-02T01:46:40.000000,6979.22080497308,86.2238620694968,79.3723940431238
2027-05-02T01:46:45.000000,6943.27445546151,84.6942424911319,79.5259186163803
2027-05-02T01:46:50.000000,6978.6589492706,83.5284205134475,79.7775981213623
2027-05-02T01:46:55.000000,6984.28161504119,82.0622184407957,80.0076953302073
2027-05-02T01:47:00.000000,6976.57605337747,80.579317184737,80.1487854925023
2027-05-02T01:47:05.000000,6977.08090539861,79.0501338047809,80.3197422352607
2027-05-02T01:47:10.000000,6966.31057774466,77.3829795114388,80.627890599958
2027-05-02T01:47:15.000000,6964.06226416351,75.9175442453502,80.6515192113152
2027-05-02T01:47:20.000000,6957.70780053899,74.1840274191075,80.8629192871929
2027-05-02T01:47:25.000000,6958.25576122485,72.371968106388,80.9982674812211
2027-05-02T01:47:30.000000,6970.37309895994,70.7008117732612,81.1002869242002
2027-05-02T01:47:35.000000,6966.60554252204,68.7333874567643,81.2189026385083
2027-05-02T01:47:40.000000,6957.25335460526,66.9181732412463,81.4191727518464
2027-05-02T01:47:45.000000,6954.11796523093,64.8551357899031,81.5570838477168
2027-05-02T01:47:50.000000,6981.31603810338,62.8975075859836,81.6630147682568
2027-05-02T01:47:55.000000,6970.57865246792,60.819970867338,81.6644609660483
2027-05-02T01:48:00.000000,6961.56195177424,58.7610427108795,81.7796406272095
2027-05-02T01:48:05.000000,6955.34435565371,56.5589988205054,81.7943437554263
2027-05-02T01:48:10.000000,6974.32230074536,54.4642982633041,81.9616868461363
2027-05-02T01:48:15.000000,6957.69133896203,52.1279819744656,81.9131525708469
2027-05-02T01:48:20.000000,6967.79386772665,49.8799395046189,81.9784572320863
2027-05-02T01:48:25.000000,6966.78982255906,47.624594187951,82.0279569333369
2027-05-02T01:48:30.000000,6963.30042513208,45.3233419295417,82.1032915843353
2027-05-02T01:48:35.000000,6974.73806619157,43.061645425573,82.0455629918879
2027-05-02T01:48:40.000000,6962.22367447577,40.9088429616975,82.0360724629424
2027-05-02T01:48:45.000000,6972.02846463794,38.5149927475057,82.0393314074483
2027-05-02T01:48:50.000000,6977.23612199278,36.2581208127576,81.9643788210202
2027-05-02T01:48:55.000000,6940.87299461181,34.093564243989,81.9088910010095
2027-05-02T01:49:00.000000,6962.86469718277,31.8229689793202,81.9647146939529
2027-05-02T01:49:05.000000,6953.60967486827,29.713730847813,81.9272890266818
2027-05-02T01:49:10.000000,6952.6237905859,27.6817035416567,81.6967287545954
2027-05-02T01:49:15.000000,6974.68689634441,25.5632370422659,81.5729149873943
2027-05-02T01:49:20.000000,6965.0973193195,23.447300198008,81.5237912801371
2027-05-02T01:49:25.000000,6969.23332122684,21.2834320238859,81.4197876597126
2027-05-02T01:49:30.000000,6975.05376806398,19.4809457898781,81.363591605734
2027-05-02T01:49:35.000000,6959.82424316268,17.642328343491,81.1869441763996
2027-05-02T01:49:40.000000,6964.49638952699,15.9595902362385,81.1644926674319
2027-05-02T01:49:45.000000,6950.69604523676,13.992896772356,80.9470226130344
2027-05-02T01:49:50.000000,6972.69832737671,12.2609286674375,80.6863792191067
2027-05-02T01:49:55.000000,6946.08016836118,10.6418881061253,80.6001806159489
2027-05-02T01:50:00.000000,6959.92552103979,9.11067515539954,80.5066618446048
2027-05-02T01:50:05.000000,6961.49375673912,7.6187879973264,80.3136807918323
2027-05-02T01:50:10.000000,6977.95107563173,6.05237092126845,80.0118735040006
2027-05-02T02:51:40.000001,6983.07546628371,123.445806144911,-34.2061670227768
2027-05-02T02:51:45.000001,6971.03554463767,123.265107591205,-33.856935106388
2027-05-02T02:51:50.000001,6991.15196485205,123.167196671269,-33.6124014080025
2027-05-02T02:51:55.000001,6986.98878842556,123.056011595129,-33.3595029566756
2027-05-02T02:52:00.000001,6986.65128446827,123.006343856417,-33.0863192411792
2027-05-02T02:52:05.000001,6969.26554565309,122.916588948636,-32.7604771392365
2027-05-02T02:52:10.000001,6986.18472582401,122.744706500714,-32.357445624257
2027-05-02T02:52:15.000001,6979.44319971477,122.642060803585,-32.1094694557924
2027-05-02T02:52:20.000001,6968.77913466982,122.736340994519,-31.7237262857205
2027-05-02T02:52:25.000001,6984.21897389179,122.598837309669,-31.6022521459369
2027-05-02T02:52:30.000001,6984.70863549096,122.421679123406,-31.1937886479537
2027-05-02T02:52:35.000001,6992.44405635514,122.431433329086,-30.7844163744263
2027-05-02T02:52:40.000001,6966.66740891617,122.398305429241,-30.6303577002123
2027-05-02T02:52:45.000001,6962.43981535724,122.387234168391,-30.2295817646438
2027-05-02T02:52:50.000001,6992.45604189484,122.163477572407,-29.935516042966
2027-05-02T02:52:55.000001,6973.24794946945,122.128983378714,-29.5616992287012
2027-05-02T02:53:00.000001,6981.09402195678,122.115218833817,-29.2908296688811
2027-05-02T02:53:05.000001,6966.97466881045,121.987996632122,-29.0153988490211
2027-05-02T02:53:10.000001,6972.93662896616,121.915959274115,-28.7896389823747
2027-05-02T02:53:15.000001,6974.01870843649,121.816760479456,-28.4673442680557
2027-05-02T02:53:20.000001,6962.06850828873,121.754342955365,-28.1047985193607
2027-05-02T02:53:25.000001,6989.86984577088,121.709851842123,-27.7586236975364
2027-05-02T02:53:30.000001,6957.42888183411,121.671696967506,-27.5994665626006
2027-05-02T02:53:35.000001,6994.72526467559,121.476954189788,-27.180428806657
2027-05-02T02:53:40.000001,6974.41723412182,121.448781351861,-26.9261472912696
2027-05-02T02:53:45.000001,6977.65040101739,121.294379586553,-26.541662774527
2027-05-02T02:53:50.000001,6990.35731068656,121.283917702877,-26.3120622044366
2027-05-02T02:53:55.000001,6995.00256634105,121.258812920817,-25.9766638912526
2027-05-02T02:54:00.000001,6998.1485581515,121.182068632077,-25.5866599986927
2027-05-02T02:54:05.000001,6983.15727020393,121.043661761959,-25.3103951364426
2027-05-02T02:54:10.000001,6973.30215945379,121.094401975189,-25.1692452624793
2027-05-02T02:54:15.000001,6970.12224903971,120.835351129164,-24.7316842731205
2027-05-02T02:54:20.000001,6987.34236240553,120.902750089642,-24.5268023598981
2027-05-02T02:54:25.000001,6969.6617090883,120.890288593664,-24.1175853328131
2027-05-02T02:54:30.000001,6983.68218853757,120.723953551298,-23.934297908461
2027-05-02T02:54:35.000001,7004.66232549725,120.715851002512,-23.5655638172545
2027-05-02T02:54:40.000001,6965.64381642971,120.51728532378,-23.0504944600933
2027-05-02T02:54:45.000001,6982.43144589338,120.509912912775,-22.891237290739
2027-05-02T02:54:50.000001,6971.6378169332,120.453306383291,-22.7318573394526
2027-05-02T02:54:55.000001,6972.95104877281,120.370964901262,-22.2741839638528
2027-05-02T02:55:00.000001,6957.81347545423,120.28738661396,-21.9827473035102
2027-05-02T02:55:05.000001,6972.4365117193,120.108025084522,-21.8115559686385
2027-05-02T02:55:10.000001,6994.61134645516,119.964199622076,-21.4078275585253
2027-05-02T02:55:15.000001,6974.98269283159,119.994266805097,-21.0919162162707
2027-05-02T02:55:20.000001,6998.22903426207,120.005943860096,-20.7642470856098
2027-05-02T02:55:25.000001,6987.31030778399,120.011491473347,-20.5819855111081
2027-05-02T02:55:30.000001,6981.88933591068,119.752346300869,-20.1211834655095
2027-05-02T02:55:35.000001,6976.27772708011,119.732541011926,-19.9472103178045
2027-05-02T02:55:40.000001,6977.99819639869,119.723259766869,-19.5489085608422
2027-05-02T02:55:45.000001,6983.24979033575,119.665410503516,-19.1977904976028
2027-05-02T02:55:50.000001,6986.67226748213,119.524675202915,-18.9029885363906
2027-05-02T02:55:55.000001,6980.36450984253,119.421555454737,-18.71262039634
2027-05-02T02:56:00.000001,6978.05937742843,119.466195039127,-18.4234154770939
2027-05-02T02:56:05.000001,6973.93550357967,119.438653823604,-17.9986648823235
2027-05-02T02:56:10.000001,6972.23792935491,119.183080768082,-17.6344971512078
2027-05-02T02:56:15.000001,6993.87400685254,119.218873880676,-17.5793871627411
2027-05-02T02:56:20.000001,6978.21786546904,119.174042240627,-17.1203924167492
2027-05-02T02:56:25.000001,6988.3739162919,119.156020003181,-16.8045129519061
2027-05-02T02:56:30.000001,6972.95158469744,119.107635969388,-16.4592557000494
2027-05-02T02:56:35.000001,6967.44800257282,118.873437321191,-16.2496060015846
2027-05-02T02:56:40.000001,6966.72671724698,118.842454445141,-15.8683249221965
2027-05-02T02:56:45.000001,6971.72182560344,118.699738938677,-15.5073058214726
2027-05-02T02:56:50.000001,6982.39670992577,118.709464730797,-15.2056903037646
2027-05-02T02:56:55.000001,6984.4934421478,118.676896735291,-15.003779679385
2027-05-02T02:57:00.000001,6985.80917471218,118.619962866876,-14.6026529420911
2027-05-02T02:57:05.000001,6985.49289417402,118.597582583769,-14.398448409544
2027-05-02T02:57:10.000001,6980.26751447369,118.517541762948,-14.0463859806096
2027-05-02T02:57:15.000001,6967.64631528146,118.491236977574,-13.8673480858199
2027-05-02T02:57:20.000001,6983.42895461548,118.360662371224,-13.3998328498512
2027-05-02T02:57:25.000001,6986.20077935013,118.454910535549,-13.0548436388129
2027-05-02T02:57:30.000001,6979.1737623299,118.195266892462,-12.8279981251444
2027-05-02T02:57:35.000001,6970.71270662751,118.034436001095,-12.4809641836323
2027-05-02T02:57:40.000001,6977.26254515852,118.007965733751,-12.2063536321419
2027-05-02T02:57:45.000001,7000.08063228559,118.032035811436,-11.8899871768374
2027-05-02T02:57:50.000001,6999.97794840235,117.985852048039,-11.5617639862855
2027-05-02T02:57:55.000001,6989.42956503302,117.854838209575,-11.3771389393931
2027-05-02T02:58:00.000001,6981.86271069772,117.813046230179,-10.9429843507395
2027-05-02T02:58:05.000001,6981.63124512716,117.837186197274,-10.6777587391861
2027-05-02T02:58:10.000001,6973.09920187362,117.689291854335,-10.4494756177111
2027-05-02T02:58:15.000001,6983.60940957925,117.574822541499,-9.96025003330371
2027-05-02T02:58:20.000001,6973.30817941267,117.732767538892,-9.66753670637963
2027-05-02T02:58:25.000001,6977.16386282058,117.639395587977,-9.55532384869227
2027-05-02T02:58:30.000001,6992.18389564967,117.488980513676,-9.05930835077921
2027-05-02T02:58:35.000001,6993.1571470232,117.399387016807,-8.88504014648871
2027-05-02T03:06:00.000001,6965.81134624441,111.659070954063,18.4123676597504
2027-05-02T03:06:05.000001,6966.32993055305,111.535192105726,18.860960234219
2027-05-02T03:06:10.000001,6973.44723870774,111.389500672045,19.1833745651573
2027-05-02T03:06:15.000001,6978.88451753819,111.448915470832,19.4723078205029
2027-05-02T03:06:20.000001,6997.74209129416,111.363105186775,19.6833934237136
2027-05-02T03:06:25.000001,6990.93952762387,111.244618630687,20.0992415144434
2027-05-02T03:06:30.000001,6962.87938905236,111.299611563325,20.2625173566712
2027-05-02T03:06:35.000001,6970.82905395104,111.101093177396,20.7265823181786
2027-05-02T03:06:40.000001,6971.38187692998,111.191524715756,21.0367697852072
2027-05-02T03:06:45.000001,6969.39957014766,110.915499238042,21.2998570201454
2027-05-02T03:06:50.000001,6974.51368035049,110.980213932825,21.5858195228381
2027-05-02T03:06:55.000001,6959.31835918572,110.86296805458,21.8113704450708
2027-05-02T03:07:00.000001,6981.33904740226,110.737723465976,22.1496578827592
2027-05-02T03:07:05.000001,6986.1188207408,110.846238341853,22.4603357871931
2027-05-02T03:20:50.000001,6964.89020807387,84.9922743004206,72.23399967291
2027-05-02T03:20:55.000001,6974.22551941637,84.7114003273297,72.3964499857788
2027-05-02T03:21:00.000001,6965.95123282299,84.027881148956,72.5756692991953
2027-05-02T03:21:05.000001,6976.33656688929,83.4199149128282,73.0625500196176
2027-05-02T03:21:10.000001,6960.06150255152,82.9084228925234,73.3074377195132
2027-05-02T03:21:15.000001,6957.57394740147,82.3979513503741,73.5467344166611
2027-05-02T03:21:20.000001,6973.14001301215,81.7584377000387,73.8118593057563
2027-05-02T03:21:25.000001,6961.1052854665,81.3768172083209,74.1466947671409
2027-05-02T03:21:30.000001,6971.14339945688,80.5586349637896,74.3570882795471
2027-05-02T03:21:35.000001,6959.10854742315,79.9701425691643,74.6101653619026
2027-05-02T03:21:40.000001,6958.46401341154,79.4151356840713,74.9812574298097
2027-05-02T03:21:45.000001,6959.23535320525,78.6035470876819,75.193624916246
2027-05-02T03:21:50.000001,6966.5329892724,77.9982412462394,75.3145310913754
2027-05-02T03:21:55.000001,6952.82433576612,77.3834363711383,75.6440692048696
2027-05-02T03:22:00.000001,6963.50050156273,76.5394236806493,75.8605073568451
2027-05-02T03:22:05.000001,6977.04500732712,75.8886932719711,76.2130946721368
2027-05-02T03:22:10.000001,6958.45488537388,74.9992604477319,76.5473606254111
2027-05-02T03:22:15.000001,6969.85483154081,74.217309262958,76.6326193467327
2027-05-02T03:22:20.000001,6972.3212870925,73.4508750024451,76.9406059584501
2027-05-02T03:22:25.000001,6974.99955191763,72.4945646643023,77.1183619712559
2027-05-02T03:22:30.000001,6950.8061452336,71.6960510863242,77.3818787190267
2027-05-02T03:22:35.000001,6973.49511336597,70.6673389234571,77.5779904645528
2027-05-02T03:22:40.000001,6975.16320962191,69.6883306836502,77.9471716672263
2027-05-02T03:22:45.000001,6989.05309472916,68.7458666307795,78.0572147323111
2027-05-02T03:22:50.000001,6990.89893026518,67.5430361309565,78.2189431015062
2027-05-02T03:22:55.000001,6966.41291596525,66.3760067096289,78.5988476602678
2027-05-02T03:23:00.000001,6978.19497382927,65.4743247079375,78.7790586284843
2027-05-02T03:23:05.000001,6976.10875981728,64.2954914116477,78.9596105337708
2027-05-02T03:23:10.000001,6974.21290389253,62.983227170868,79.2093143578415
2027-05-02T03:23:15.000001,6948.04312877825,61.6410470721621,79.4979154269415
2027-05-02T03:23:20.000001,6948.9873943881,60.5096425539317,79.7381566330679
2027-05-02T03:23:25.000001,6962.59761383278,59.2345621221557,79.777467390066
2027-05-02T03:23:30.000001,6971.42243341162,57.660538697453,79.9957589007306
2027-05-02T03:23:35.000001,6967.50630681945,56.0752470613761,80.0667472883162
2027-05-02T03:23:40.000001,6960.35214732333,54.6353354965364,80.3617348245211
2027-05-02T03:23:45.000001,6954.48586711958,52.9695654403221,80.5144731080503
2027-05-02T03:23:50.000001,6942.54426511187,51.3897742937323,80.6108209177956
2027-05-02T03:23:55.000001,6961.4513109381,49.7001996569189,80.8177380326559
2027-05-02T03:24:00.000001,6982.79472013412,47.9097835921051,81.0085051062543
2027-05-02T03:24:05.000001,6960.48626548476,46.1976310202576,81.180547076378
2027-05-02T03:24:10.000001,6950.92955662478,44.3048942081635,81.2808909525732
2027-05-02T03:24:15.000001,6972.33118090401,42.2636398618285,81.4669740475634
2027-05-02T03:24:20.000001,6956.31427586583,40.4104359548816,81.4110074045224
2027-05-02T03:24:25.000001,6957.00065429128,38.4108200575851,81.5759336609241
2027-05-02T03:24:30.000001,6954.06895685527,36.2747153498367,81.7170150319116
2027-05-02T03:24:35.000001,6960.18501911259,34.1672447180095,81.7819158479897
2027-05-02T03:24:40.000001,6962.7533652564,31.9595352041426,81.8645077388276
2027-05-02T03:24:45.000001,6962.99040787875,29.8188975475977,81.7817443415364
2027-05-02T03:24:50.000001,6962.78092056207,27.6898432038479,82.0765915113988
2027-05-02T03:24:55.000001,6960.25698631528,25.369366741615,81.9390106410798
2027-05-02T03:25:00.000001,6963.98874975605,23.1954646910575,82.1679348177717
2027-05-02T03:25:05.000001,6945.49805557749,20.8990231199116,82.1285534224348
2027-05-02T03:25:10.000001,6962.81044782691,18.5338741989057,82.0713771897288
2027-05-02T03:25:15.000001,6977.60705009797,16.2771798302198,82.1334090256219
2027-05-02T03:25:20.000001,6995.63239583889,14.1403618558995,82.0762209910788
2027-05-02T03:25:25.000001,6955.65428006582,11.7372185272989,81.9605323376986
2027-05-02T03:25:30.000001,6954.71268046054,9.5493481473897,81.9207782337541
2027-05-02T03:25:35.000001,6965.72077828902,7.34004246662371,81.9689955680841
2027-05-02T03:25:40.000001,6964.38425666673,5.23428425583618,81.723055564129
2027-05-02T03:25:45.000001,6963.02171794072,3.07701981840503,81.713334618054
2027-05-02T03:25:50.000001,6976.71251095808,1.00407805715144,81.6837450949376
2027-05-02T03:25:55.000001,6975.69783553472,-1.02580061507087,81.5574365344251
2027-05-02T03:26:00.000001,6960.83555129935,-2.97948770774077,81.4078935653448
2027-05-02T03:26:05.000001,6944.56100335241,-4.94979639795764,81.2967244325905
2027-05-02T03:26:10.000001,6973.33761906877,-6.75953659559838,81.3634921928201
2027-05-02T03:26:15.000001,6973.80357574511,-8.6522548296218,81.0843165928007
2027-05-02T03:26:20.000001,6976.7372236644,-10.3481702346057,80.9958305538457
2027-05-02T03:26:25.000001,6974.52653050385,-12.0717883847852,80.7601525624396
2027-05-02T03:26:30.000001,6960.53371527982,-13.9190395832097,80.5805429753066
2027-05-02T03:26:35.000001,6963.88339932789,-15.3882751035421,80.4921281138143
2027-05-02T03:26:40.000001,6958.98940195203,-16.8144904632321,80.1274450438096
2027-05-02T03:26:45.000001,6960.46785576529,-18.337859016046,79.9802574842177
2027-05-02T03:26:50.000001,6944.71134322394,-19.7669529529248,79.8235207956546
2027-05-02T03:26:55.000001,6958.11670378968,-21.0222320629271,79.6644672316099
2027-05-02T03:27:00.000001,6979.55877910621,-22.4651890243947,79.3992353911625
2027-05-02T03:27:05.000001,6966.59355859806,-23.7665498331543,79.236705033838
2027-05-02T04:55:25.000002,6983.88097687948,69.2444616396276,65.3191797693915
2027-05-02T04:55:30.000002,6948.69395736788,68.9840216379292,65.4916435162957
2027-05-02T04:55:35.000002,6976.21808751479,68.7631953625377,65.8752204149971
2027-05-02T04:55:40.000002,6970.24504885089,68.5534192014258,66.2339603860779
2027-05-02T04:55:45.000002,6953.48574769115,68.1578014683739,66.5224427289761
2027-05-02T04:55:50.000002,6968.64902200645,67.9981700843927,66.6797109149306
2027-05-02T04:55:55.000002,6972.10358590083,67.5306193597314,67.148462013821
2027-05-02T04:56:00.000002,6975.88451652403,67.2740520651994,67.2658060847309
2027-05-02T04:56:05.000002,6961.25347131126,66.9830719469367,67.6265162087389
2027-05-02T04:56:10.000002,6966.17587698723,66.6435481983149,68.0502801400645
2027-05-02T04:56:15.000002,6982.54565972031,66.3789001047252,68.2723105162633
2027-05-02T04:56:20.000002,6968.45653360147,66.0974832555934,68.5291080741986
2027-05-02T04:56:25.000002,6959.14534236985,65.6735287625546,68.7746795979988
2027-05-02T04:56:30.000002,6963.03732070637,65.2338929185476,68.9417541249734
2027-05-02T04:56:35.000002,6950.24626653709,65.030067082528,69.3066731412267
2027-05-02T04:56:40.000002,6973.7086350032,64.506477206802,69.6288177454942
2027-05-02T04:56:45.000002,6974.51390161836,64.1990105962527,69.9770400400959
2027-05-02T04:56:50.000002,6964.15016090565,63.7990265170785,70.3055097939569
2027-05-02T04:56:55.000002,6964.24111616372,63.3755687025827,70.388758490252
2027-05-02T04:57:00.000002,6965.52172310962,62.9427661689516,70.833963411986
2027-05-02T04:57:05.000002,6956.49526698043,62.6231052356078,71.0823460352849
2027-05-02T04:57:10.000002,6965.70741432884,62.0431693280376,71.3014165985799
2027-05-02T04:57:15.000002,6977.90103366374,61.6840003246188,71.5907165892724
2027-05-02T04:57:20.000002,6968.84442919657,61.3206891966576,71.8460490745273
2027-05-02T04:57:25.000002,6973.58886036954,60.7182352075076,72.2209866363502
2027-05-02T04:57:30.000002,6954.18010069311,60.2339638692941,72.4444695944524
2027-05-02T04:57:35.000002,6971.97007345332,59.7309208277859,72.8348342287947
2027-05-02T04:57:40.000002,6968.11973559953,59.0937579333134,72.9567958195132
2027-05-02T04:57:45.000002,6970.37841934607,58.7642092032,73.2583949964647
2027-05-02T04:57:50.000002,6970.06021541728,58.1183388677266,73.5590639800144
2027-05-02T04:57:55.000002,6962.0290861554,57.5989473265787,73.8445100024487
2027-05-02T04:58:00.000002,6965.37456583761,57.0819072399853,74.1321388871682
2027-05-02T04:58:05.000002,6963.07046884482,56.4256675384694,74.4262180205434
2027-05-02T04:58:10.000002,6981.19517632499,55.8859090718375,74.7967844022637
2027-05-02T04:58:15.000002,6954.86953638422,55.1894584072293,74.8549167290266
2027-05-02T04:58:20.000002,6958.79772157508,54.4513215684946,75.2381456627733
2027-05-02T06:20:45.000003,6965.66661360041,61.9416878546021,24.4743014210993
2027-05-02T06:20:50.000003,6978.24512197706,61.8218765238569,24.8215439775343
2027-05-02T06:20:55.000003,6974.77602553628,61.9316995474192,24.908998815163
2027-05-02T06:21:00.000003,6988.17141491397,61.6848079477948,25.4652663616963
2027-05-02T06:21:05.000003,6984.60993074529,61.842035349694,25.7447543800869
2027-05-02T06:21:10.000003,6990.02369390196,61.6348696124387,25.9469381628723
2027-05-02T06:21:15.000003,6970.84841583217,61.5799125370673,26.3367413312291
2027-05-02T06:21:20.000003,6960.52185666074,61.4839748072886,26.5885307942937
2027-05-02T06:21:25.000003,6977.76627474853,61.3388195225069,26.895324701196
2027-05-02T06:21:30.000003,6969.8717115706,61.2573435614122,27.1767827827358
2027-05-02T06:21:35.000003,6986.58842626933,61.2711385530519,27.4678168460736
2027-05-02T06:21:40.000003,6974.94835556296,61.2290353663422,27.8932965088479
2027-05-02T06:21:45.000003,6973.61179713052,61.1376062851832,28.1287783364145
2027-05-02T06:21:50.000003,6980.65101154682,60.9792628371238,28.2930286409348
2027-05-02T06:21:55.000003,6984.78029818302,61.0168709092355,28.6989049976216
2027-05-02T06:22:00.000003,6980.97211687512,60.9844733035357,29.0346552445558
2027-05-02T06:22:05.000003,6982.44452462696,60.8213234750887,29.2504346189389
2027-05-02T06:22:10.000003,6959.05376622833,60.6591630542604,29.6801264999789
2027-05-02T06:22:15.000003,6976.01026427549,60.5325347865816,29.8938404578801
2027-05-02T06:22:20.000003,6972.17389632721,60.7056881126499,30.1761677080048
2027-05-02T06:22:25.000003,6961.67602041073,60.34353879783,30.6283383196164
2027-05-02T06:22:30.000003,6971.41324335513,60.4791447353769,30.9084185152325
2027-05-02T06:22:35.000003,6982.38173587695,60.3088631598797,31.1364146324811
2027-05-02T06:22:40.000003,6979.66611365767,60.3442375022813,31.437913744785
2027-05-02T06:22:45.000003,6975.62070160084,60.0761444950465,31.8538041145955
2027-05-02T06:22:50.000003,6976.59096519037,60.105611008331,32.1747095668994
2027-05-02T06:22:55.000003,6982.0832534682,59.9865543911594,32.4483996089567
2027-05-02T06:23:00.000003,6986.25606037351,59.9019289231317,32.7506504211296
2027-05-02T06:23:05.000003,6974.59008404073,59.9603991540808,33.0153501734558
2027-05-02T06:23:10.000003,6980.57565509537,59.8105108227192,33.2206548843821
2027-05-02T06:23:15.000003,6958.45886192514,59.7095287973046,33.5176758744376
2027-05-02T06:23:20.000003,6971.69193933096,59.6705028829473,34.0100706264079
2027-05-02T06:23:25.000003,6977.32637970175,59.5886514685265,34.2236584291162
2027-05-02T06:23:30.000003,6973.82984910089,59.5738813116057,34.4855148645042
2027-05-02T06:23:35.000003,6967.70048376093,59.2726087020506,34.92207014506
2027-05-02T06:23:40.000003,6991.99702658281,59.3031483648765,35.0359291477149
2027-05-02T06:23:45.000003,6987.47755150004,59.2269802815259,35.4960014943619
2027-05-02T06:23:50.000003,6980.76091242286,59.0312992077507,35.84533618151
2027-05-02T06:23:55.000003,6968.23964965342,59.0101299402159,36.0192982094351
2027-05-02T06:24:00.000003,6968.6041567049,58.961300114217,36.3171455086424
2027-05-02T06:24:05.000003,6956.33666489017,58.8824136253621,36.7782269932526
2027-05-02T06:24:10.000003,6970.79843657684,58.6971925309709,36.9161339579509
2027-05-02T06:24:15.000003,6985.88278980259,58.6608032920486,37.2896438693508
2027-05-02T06:24:20.000003,6958.58271952315,58.5772683853584,37.5850778714749
2027-05-02T06:24:25.000003,6973.74083970595,58.3644567004782,37.8994821449977
2027-05-02T06:24:30.000003,6989.36302513346,58.4189763213048,38.2090599832683
2027-05-02T06:24:35.000003,6970.38618820917,58.2684110473917,38.5416530097355
2027-05-02T06:24:40.000003,6967.52073642282,58.1169754202438,38.7764455002558
2027-05-02T06:24:45.000003,6985.23404811169,58.0559327566893,39.0764041695112
2027-05-02T06:24:50.000003,6974.94618436892,57.8717729497575,39.3658855645
2027-05-02T06:24:55.000003,6959.59051612318,57.8573745015379,39.7048584811815
2027-05-02T06:25:00.000003,6960.26373593242,57.8933256366956,40.0358166042179
2027-05-02T06:25:05.000003,6965.43443269396,57.7471034683785,40.2488911842289
2027-05-02T06:25:10.000003,6962.97538607445,57.5607928467695,40.5804381040167
2027-05-02T06:25:15.000003,6976.90050513324,57.5345317761192,40.8998026177647
2027-05-02T06:25:20.000003,6962.42886691842,57.4704792406643,41.2533885784499
2027-05-02T06:25:25.000003,6982.55300213526,57.3195978621095,41.4804547345079
2027-05-02T06:25:30.000003,6957.19980684515,57.111299095786,41.8354606800922
2027-05-02T06:25:35.000003,6965.82315298473,57.2081947413243,42.2066853766362
2027-05-02T06:25:40.000003,6964.39522326352,56.9919536700101,42.5135700586099
2027-05-02T06:25:45.000003,6979.89049662151,57.0005629132789,42.8075416306981
2027-05-02T06:25:50.000003,6973.87494415899,56.8223960514052,43.1761123364047
2027-05-02T06:25:55.000003,6979.08479292308,56.7819108300613,43.349273129068
2027-05-02T06:26:00.000003,6971.17451297954,56.7403885831097,43.7032952141436
2027-05-02T06:26:05.000003,6973.34342254803,56.6168940675056,43.938107523513
2027-05-02T06:26:10.000003,6967.77099389466,56.5355544935334,44.369856860031
2027-05-02T06:26:15.000003,6983.08876350854,56.2658172767578,44.4765750125944
2027-05-02T06:26:20.000003,6960.97694525927,56.2614167310258,45.0169550795655
2027-05-02T06:26:25.000003,6970.69880119083,56.0517825604575,45.3121508825915
2027-05-02T06:26:30.000003,6975.86577294619,55.9636672220852,45.6286900019009
2027-05-02T06:26:35.000003,6967.87817869085,56.0535776757897,45.8210368958098
2027-05-02T06:26:40.000003,6984.31394631104,55.91128202975,46.29377229793
2027-05-02T06:26:45.000003,6984.7211213168,55.6551985076394,46.418208955502
2027-05-02T06:32:50.000003,6959.17108789297,42.2838554236323,68.264408032223
2027-05-02T06:32:55.000003,6970.44139903347,41.7623594212017,68.5208943090794
2027-05-02T06:33:00.000003,6968.30849850246,41.4439616621849,68.8797076521339
2027-05-02T06:33:05.000003,6973.0659646889,41.0562785950846,69.1236155033983
2027-05-02T06:33:10.000003,6957.88833103146,40.6677713543113,69.4602007366301
2027-05-02T06:33:15.000003,6967.42183674446,40.2969327579973,69.7957942028031
2027-05-02T06:33:20.000003,6952.87032599543,39.9601712675194,69.926371728841
2027-05-02T06:33:25.000003,6947.85659161987,39.6437242702571,70.2256988126449
2027-05-02T06:33:30.000003,6979.49524807784,39.128650828258,70.5566099907985
2027-05-02T06:33:35.000003,6963.77150449659,38.7359131710851,70.7966084628202
2027-05-02T06:33:40.000003,6961.81858933166,38.4122725603038,71.1358286496486
2027-05-02T06:33:45.000003,6968.54587773878,38.0048955220068,71.4571857780739
2027-05-02T06:33:50.000003,6955.70424429836,37.5127386970117,71.7537587936993
2027-05-02T06:33:55.000003,6952.78052367554,36.9047507458877,72.0723076068875
2027-05-02T06:34:00.000003,6984.13263027341,36.600155330963,72.2765345916497
2027-05-02T06:34:05.000003,6971.18129672448,35.9563785632907,72.6220817417176
2027-05-02T06:34:10.000003,6970.16110649662,35.4352174214831,72.6503992275729
2027-05-02T06:34:15.000003,6959.13854735495,34.9973766314024,73.056186865442
2027-05-02T06:34:20.000003,6942.07042167528,34.5195371991722,73.3465044166077
2027-05-02T06:34:25.000003,6962.87744646699,33.8808207888788,73.5378238976093
2027-05-02T06:34:30.000003,6981.43917343876,33.4340859035108,73.932083063426
2027-05-02T06:34:35.000003,6969.19091534962,32.7613217353069,74.1011524162046
2027-05-02T06:34:40.000003,6970.02153539609,32.2009147773634,74.5242697353794
2027-05-02T06:34:45.000003,6960.25478229769,31.5443998968963,74.5483878966625
2027-05-02T06:34:50.000003,6961.6111581451,30.881540896352,74.7901751252007
2027-05-02T06:34:55.000003,6980.34563040396,30.2341744803345,75.1409356910385
2027-05-02T06:35:00.000003,6957.81236767654,29.5461255724501,75.4463607798402
2027-05-02T06:35:05.000003,6980.80206842241,28.7266220878348,75.5944518199245
2027-05-02T06:35:10.000003,6976.28214760373,28.2277901638097,75.962046340832
2027-05-02T06:35:15.000003,6960.79190915912,27.4045233023003,76.2108427991721
2027-05-02T06:35:20.000003,6964.91424844263,26.5793649411596,76.5919797223457
2027-05-02T06:35:25.000003,6968.55376768776,25.6756037421472,76.7674573933586
2027-05-02T06:35:30.000003,6953.11994358962,24.9771195295066,77.0589043766066
2027-05-02T06:35:35.000003,6958.28124064332,23.9662191996354,77.1621337579609
2027-05-02T06:35:40.000003,6981.11860386563,23.0317567790246,77.5195116946706
2027-05-02T06:35:45.000003,6979.53281275509,22.1161870601111,77.6967184152967
2027-05-02T06:35:50.000003,6931.21566203607,21.088968168296,78.0963561327103
2027-05-02T06:35:55.000003,6986.99646856559,19.9852358703646,78.2731484855371
2027-05-02T06:36:00.000003,6950.44982991454,18.8687435474558,78.4347988805492
2027-05-02T06:36:05.000003,6958.38558585139,17.8349898638686,78.6504878637001
2027-05-02T06:36:10.000003,6962.19393800984,16.7699754785464,78.9416442753705
2027-05-02T06:36:15.000003,6965.78664640004,15.5433238935424,78.925242852868
2027-05-02T06:36:20.000003,6963.67508663953,14.3924222156078,79.258615401232
2027-05-02T06:36:25.000003,6951.45458898052,13.0930189244935,79.4562067980664
2027-05-02T06:36:30.000003,6960.73438099895,11.6937608313393,79.7184622878595
2027-05-02T06:36:35.000003,6965.25522976047,10.36252416834,79.8448953084097
2027-05-02T07:44:00.000004,6981.24545818314,48.5275679637082,-24.5840773661139
2027-05-02T07:44:05.000004,6969.63822633102,48.4791879185358,-24.3287457680465
2027-05-02T07:44:10.000004,6962.41573144127,48.3531797082604,-23.9744254397003
2027-05-02T07:44:15.000004,6965.41404306016,48.1958658613442,-23.6604713045507
2027-05-02T07:44:20.000004,6970.33802895814,48.0936023280649,-23.2614627718473
2027-05-02T07:44:25.000004,6964.32603130092,48.1722845342447,-23.1714865306861
2027-05-02T07:44:30.000004,6984.83987056619,48.0630523807145,-22.8601863952059
2027-05-02T07:44:35.000004,6988.03554841738,47.8789648714953,-22.4711472141379
2027-05-02T07:44:40.000004,6983.65552708359,47.846408756067,-22.2377784915082
2027-05-02T07:44:45.000004,6965.82326814841,47.7807061092127,-21.8736165799205
2027-05-02T07:44:50.000004,6971.07855557858,47.7161515828061,-21.5069692129676
2027-05-02T07:44:55.000004,6996.58368697419,47.6013897646749,-21.180462776083
2027-05-02T07:45:00.000004,6979.32682877719,47.6328467948778,-20.9165074469909
2027-05-02T07:45:05.000004,6988.76921433494,47.5904849896586,-20.6172597813215
2027-05-02T07:45:10.000004,6974.66606820929,47.4280700547372,-20.3473973300464
2027-05-02T07:45:15.000004,6976.74334760721,47.369875245199,-20.0870191296798
2027-05-02T07:45:20.000004,6992.60129591634,47.3720121384758,-19.702387416661
2027-05-02T07:45:25.000004,6988.50848940338,47.2708638636433,-19.3273946963347
2027-05-02T07:45:30.000004,6982.02209428923,47.2371180028521,-19.1090717385215
2027-05-02T07:45:35.000004,6953.35198144628,47.2077897950136,-18.8482609847819
2027-05-02T07:45:40.000004,6990.86397913044,47.030509001581,-18.4322963767384
2027-05-02T07:45:45.000004,6986.17205103327,46.9985192433542,-18.238064641638
2027-05-02T07:45:50.000004,6987.99668865332,46.9259722078981,-17.9577232256541
2027-05-02T07:45:55.000004,6971.65217926217,46.9926959564343,-17.5659459272296
2027-05-02T07:46:00.000004,6979.24031820792,46.8751643909945,-17.3472638885993
2027-05-02T07:46:05.000004,6981.36684642307,46.8329349803318,-17.012182520946
2027-05-02T07:46:10.000004,6986.58482468775,46.6547289580398,-16.5942872223384
2027-05-02T07:46:15.000004,6980.33478643845,46.6405183493102,-16.233265243859
2027-05-02T07:46:20.000004,6968.93953120303,46.5615621203554,-16.1703023375949
2027-05-02T07:46:25.000004,6993.86199756437,46.4815679508795,-15.5929086646563
2027-05-02T07:46:30.000004,6990.3144479932,46.4555743867323,-15.5380284761545
2027-05-02T07:46:35.000004,6985.53361421616,46.3955244732701,-15.0977085253914
2027-05-02T07:46:40.000004,6978.62510407173,46.299605758027,-14.8088305483809
2027-05-02T07:46:45.000004,6978.2411598688,46.1935902468383,-14.5433097359794
2027-05-02T07:46:50.000004,6981.05653269357,46.1441290501728,-14.1074842375445
2027-05-02T07:46:55.000004,6973.93162169052,45.9687766220795,-13.9596747197241
2027-05-02T07:47:00.000004,6967.34939221296,46.0938930367484,-13.6529551534836
2027-05-02T07:47:05.000004,6971.78426641922,45.8565826050968,-13.3691671293752
2027-05-02T07:47:10.000004,6987.91379838532,45.8346347099653,-12.9472685350493
2027-05-02T07:47:15.000004,6974.09912663576,45.776984559385,-12.6477963924616
2027-05-02T07:47:20.000004,6962.50302173106,45.7193411570585,-12.2703854559317
2027-05-02T07:47:25.000004,6972.97664396277,45.6920621377145,-12.0508603053398
2027-05-02T07:47:30.000004,6976.46157475137,45.7563699409809,-11.8439990143048
2027-05-02T07:47:35.000004,6978.21064754203,45.5998760036683,-11.3962800886854
2027-05-02T07:47:40.000004,6990.14148999245,45.4394516348137,-11.2023213617063
2027-05-02T07:47:45.000004,6974.9698078901,45.4270248015532,-10.8916640315055
2027-05-02T07:47:50.000004,6997.85345237095,45.3168425751283,-10.5461745151716
2027-05-02T07:47:55.000004,6978.34533392765,45.3415445143634,-10.1724133551941
2027-05-02T07:48:00.000004,7001.4579998577,45.1507467077768,-9.9019736236707
2027-05-02T07:48:05.000004,6980.11917234735,45.2173373464616,-9.59218404246129
2027-05-02T07:48:10.000004,6983.90409531899,45.1492955446438,-9.14955933593205
2027-05-02T07:48:15.000004,6992.04458204813,44.9579524572365,-8.96499150574672
2027-05-02T07:48:20.000004,6994.63811909585,44.882968880395,-8.59247442401396
2027-05-02T07:48:25.000004,6965.91360355677,44.8101787780529,-8.29034717237897
2027-05-02T07:48:30.000004,6969.2190997409,44.7878768631803,-8.04577177846352
2027-05-02T07:48:35.000004,6996.79512412016,44.7787458324133,-7.769045223189
2027-05-02T07:48:40.000004,6972.73525464261,44.7089082453374,-7.56785034799855
2027-05-02T07:48:45.000004,6985.88304846136,44.5935436051227,-7.09354522605189
2027-05-02T07:48:50.000004,6982.06653521974,44.5511603868203,-6.80699431305325
2027-05-02T07:48:55.000004,6987.90013815115,44.6055660101536,-6.51825833392649
2027-05-02T07:49:00.000004,6991.1172299295,44.3707189502936,-6.17559040313897
2027-05-02T07:49:05.000004,6996.15972057361,44.3225367776765,-5.78730812310366
2027-05-02T07:49:10.000004,6985.30372506018,44.3280942323641,-5.57284051720975
2027-05-02T07:49:15.000004,6980.60997268725,44.2764168675273,-5.22988253914417
2027-05-02T07:49:20.000004,6983.53999686688,44.1872851580709,-4.98586670532269
2027-05-02T07:49:25.000004,6965.63946340453,44.2036823526138,-4.68815977375007
2027-05-02T07:49:30.000004,6991.94389100712,43.9301708091724,-4.43344642954548
2027-05-02T07:49:35.000004,6978.76598946634,44.0252488333365,-3.99480543276933
2027-05-02T07:49:40.000004,6971.32644834982,43.905152893938,-3.78506526189204
2027-05-02T07:49:45.000004,6975.5977485959,43.8339915609247,-3.41546812034425
2027-05-02T07:49:50.000004,6972.24139889591,43.9245460007106,-3.09022909869314
2027-05-02T07:49:55.000004,6984.58962129599,43.6234664160688,-2.88009598272445
2027-05-02T07:50:00.000004,6960.69308194516,43.7385368963195,-2.66232548026024
2027-05-02T07:50:05.000004,6975.96216137354,43.5501549966823,-2.20912004949371
2027-05-02T07:50:10.000004,6983.86842325375,43.5272117577824,-1.81479770369725
2027-05-02T07:50:15.000004,6985.87907760373,43.4215277089812,-1.60879471975059
2027-05-02T07:50:20.000004,6972.63080849988,43.3755507826977,-1.36386719623438
2027-05-02T07:50:25.000004,6968.81247998554,43.2171129304963,-1.00346814704783
2027-05-02T07:50:30.000004,6994.24609351828,43.3288643682967,-0.719568591203052
2027-05-02T07:50:35.000004,6964.0894335782,43.1406211605558,-0.246120990941406
2027-05-02T07:50:40.000004,6983.59930147517,43.1781636641257,-0.173588461000506
2027-05-02T07:50:45.000004,6980.05080144614,43.1836608809115,0.211523833877597
2027-05-02T07:50:50.000004,6975.52971334617,42.931182494971,0.573259114391702
2027-05-02T07:50:55.000004,6995.08883587301,42.9811094796314,0.807565804387546
2027-05-02T07:57:00.000004,6985.05799717217,38.074128734284,23.3546691008574
2027-05-02T07:57:05.000004,6991.27771671182,38.021497141754,23.5854370591186
2027-05-02T07:57:10.000004,6976.85084555683,37.9361534150498,23.8402568879896
2027-05-02T07:57:15.000004,6985.29455611447,37.8530421820482,24.1783247935719
2027-05-02T07:57:20.000004,6982.55194073935,37.8453953230236,24.4877428432011
2027-05-02T07:57:25.000004,6962.20221286115,37.697452992045,24.8916112291493
2027-05-02T07:57:30.000004,6980.2388505833,37.6696118562872,25.1701121194733
2027-05-02T07:57:35.000004,6984.26652969745,37.6283253146991,25.3917587474676
2027-05-02T07:57:40.000004,6987.48800176835,37.5240593671586,25.5618577691513
2027-05-02T07:57:45.000004,6985.62096563761,37.5644180750189,25.9808337407979
2027-05-02T07:57:50.000004,6978.68468207695,37.3184083674399,26.3450824739158
2027-05-02T07:57:55.000004,6972.65154657758,37.3813204016948,26.6612389252726
2027-05-02T07:58:00.000004,6979.68969805893,37.3191088958552,26.8669194938392
2027-05-02T07:58:05.000004,6956.8727362635,37.1880931196536,27.3679359692223
2027-05-02T07:58:10.000004,6960.64707196203,37.1413617581287,27.5804931004926
2027-05-02T07:58:15.000004,6954.91131548979,36.9612609747199,27.8336169098688
2027-05-02T07:58:20.000004,6966.83494723075,36.9087112685372,28.1540517215734
2027-05-02T07:58:25.000004,6965.80479504311,36.9041997753724,28.4914862536036
2027-05-02T07:58:30.000004,6969.73505922896,36.8263615331736,28.8925162698953
2027-05-02T07:58:35.000004,6973.62275305924,36.7602413927137,29.1207505679137
2027-05-02T07:58:40.000004,6970.69777375954,36.7178015401342,29.3233688387081
2027-05-02T07:58:45.000004,6964.60519862782,36.5345870781866,29.7113488938172
2027-05-02T07:58:50.000004,6966.20906962063,36.5677844620463,30.0623090390293
2027-05-02T07:58:55.000004,6975.35290402608,36.415671178417,30.3263950693181
2027-05-02T07:59:00.000004,6975.02644102138,36.4794062273665,30.6498114997721
2027-05-02T07:59:05.000004,6977.82513364463,36.1967079469243,30.9687746692394
2027-05-02T07:59:10.000004,6961.05417352508,36.2426393164004,31.3250899308685
2027-05-02T07:59:15.000004,6992.51468223561,36.1360794367345,31.6571876197996
2027-05-02T07:59:20.000004,6979.24232447227,35.9862437919101,31.8677596433321
2027-05-02T07:59:25.000004,6991.46046123312,35.8510638858598,32.2969209661587
2027-05-02T07:59:30.000004,6988.14253960442,35.7656929858561,32.5667304925474
2027-05-02T07:59:35.000004,6986.47817761099,35.8839023676292,32.7374053756901
2027-05-02T07:59:40.000004,6987.289384218,35.6319508492787,33.1782510158257
2027-05-02T07:59:45.000004,6965.68079573653,35.6110993130253,33.3999366161037
2027-05-02T07:59:50.000004,6990.87645282283,35.4226148471,33.6362411435413
2027-05-02T07:59:55.000004,6975.13281783211,35.3006773788751,33.941621242059
2027-05-02T08:00:00.000004,6979.75301025698,35.3525896688336,34.317825789869
2027-05-02T08:00:05.000004,6973.32704929879,35.296166899986,34.5673658603244
2027-05-02T08:00:10.000004,6977.82442395253,35.2181000996746,35.0450752617973
2027-05-02T08:00:15.000004,6987.99786978264,35.0380452824721,35.0916442599801
2027-05-02T08:00:20.000004,6983.35863287956,34.991125102679,35.5761954304255
2027-05-02T08:00:25.000004,6973.10740058648,34.9620288533119,35.7251086922869
2027-05-02T08:00:30.000004,6978.36084410011,34.95632536014,36.1018694727311
2027-05-02T08:00:35.000004,6974.02372034677,34.7029337386244,36.4208523687626
2027-05-02T08:00:40.000004,6979.61181763028,34.6693166490436,36.7063199937877
2027-05-02T08:00:45.000004,6962.50286096092,34.6647748118936,37.2085292361886
2027-05-02T08:00:50.000004,6973.14834609309,34.4110220865737,37.3694474773487
2027-05-02T08:00:55.000004,6972.07000925546,34.4698026872,37.5716789825825
2027-05-02T08:01:00.000004,6983.57283799252,34.3594914552109,37.9262854674518
2027-05-02T08:01:05.000004,6967.84280131687,34.1511890101092,38.2001653514216
2027-05-02T08:01:10.000004,6977.04830846932,34.0941283325506,38.536515360353
2027-05-02T08:01:15.000004,6983.07609444965,33.9472679442456,38.933538925985
2027-05-02T08:01:20.000004,6974.88088148597,34.0414621725474,39.0937235820282
2027-05-02T08:01:25.000004,6969.49193757734,33.7918798509103,39.4667334326787
2027-05-02T08:01:30.000004,6982.96359835183,33.699053552403,39.7261464915223
2027-05-02T08:01:35.000004,6971.27404866192,33.6594206527763,40.1579102985221
2027-05-02T08:01:40.000004,6984.34866137972,33.7036375182735,40.437217520053
2027-05-02T08:01:45.000004,6959.22836880824,33.3246547644988,40.7614317505594
2027-05-02T08:01:50.000004,6966.51519146293,33.4038191325415,40.919760103165
2027-05-02T08:01:55.000004,6988.94999867767,33.2806731361186,41.4323666630613
2027-05-02T08:02:00.000004,6963.34159693818,33.208757540411,41.547952108682
2027-05-02T08:02:05.000004,6970.95026747069,33.1556854222527,41.9977223018264
2027-05-02T08:02:10.000004,6968.48912658977,32.9884483235439,42.174181365489
2027-05-02T08:02:15.000004,6967.98903220744,32.9788497273953,42.6287081386918
2027-05-02T08:02:20.000004,6964.35386853357,32.8494882868796,42.8351468498505
2027-05-02T08:02:25.000004,6969.81727432427,32.6888539056541,43.1005201431369
2027-05-02T08:02:30.000004,6947.41962032783,32.7026245465741,43.4052854708095
2027-05-02T08:02:35.000004,6993.65936303515,32.5048983418836,43.8005492410415
2027-05-02T08:02:40.000004,6959.64514083717,32.4439094780673,44.1005037594041
2027-05-02T08:02:45.000004,6971.18316901587,32.1887957360287,44.2813092428901
2027-05-02T08:02:50.000004,6973.07319030378,32.266576893677,44.6010310140653
2027-05-02T08:02:55.000004,6970.04974752568,32.0202241513215,44.894742919181
2027-05-02T08:03:00.000004,6964.32344773465,32.0298892319718,45.3150235591061
2027-05-02T08:03:05.000004,6979.36386173308,31.8246039571105,45.6470791611356
2027-05-02T08:03:10.000004,6975.47087624911,31.6750698947598,45.8804836093237
2027-05-02T08:03:15.000004,6965.89737788441,31.6667371895964,46.1971254833333
2027-05-02T08:03:20.000004,6957.89496967263,31.5567701325196,46.4584754334041
2027-05-02T08:03:25.000004,6992.06356450696,31.4186050996875,46.891827786403
2027-05-02T08:03:30.000004,6958.48294038518,31.3213996671609,47.0242915867603
2027-05-02T08:03:35.000004,6995.25964259123,31.1631022256024,47.3471228663119
2027-05-02T08:13:10.000004,6960.57140502982,-14.1362395579631,79.9054189213637
2027-05-02T08:13:15.000004,6959.45883845767,-15.627504391251,80.0657139715175
2027-05-02T08:13:20.000004,6959.63798546133,-17.0463794676043,80.2523895400817
2027-05-02T08:13:25.000004,6963.93666365914,-18.5447616791429,80.4995644680705
2027-05-02T08:13:30.000004,6957.6171100828,-20.1619508664871,80.6484857498801
2027-05-02T08:13:35.000004,6959.5660392251,-21.7451840833397,80.8086977089103
2027-05-02T08:13:40.000004,6967.5758968788,-23.5607727594071,80.9844234498633
2027-05-02T08:13:45.000004,6954.61149992508,-25.2745525885584,81.0096424585538
2027-05-02T08:13:50.000004,6964.25795735661,-27.0695247014728,81.2205146757698
2027-05-02T08:13:55.000004,6951.59542269702,-29.0404719729161,81.3777170464118
2027-05-02T08:14:00.000004,6939.41145693354,-30.8784359916341,81.5243373576262
2027-05-02T08:14:05.000004,6944.9135412115,-32.9195787414877,81.5351263408444
2027-05-02T08:14:10.000004,6967.70761552337,-35.1286846312989,81.6497861119453
2027-05-02T08:14:15.000004,6955.55897943546,-37.0503576945121,81.6818170800335
2027-05-02T08:14:20.000004,6958.89584111023,-39.3491867525736,81.8651642338906
2027-05-02T08:14:25.000004,6981.78486730293,-41.4827652542561,81.8420450173037
2027-05-02T08:14:30.000004,6955.33627111016,-43.6157576788298,81.8810787172
2027-05-02T08:14:35.000004,6959.30640854927,-45.9150060237,82.033835309581
2027-05-02T08:14:40.000004,6956.88205776547,-48.1038218906526,82.0796233638836
2027-05-02T08:14:45.000004,6953.67759692044,-50.3818041760917,82.0291453242484
2027-05-02T08:14:50.000004,6966.27035466605,-52.675418289094,82.1963172077863
2027-05-02T08:14:55.000004,6947.08436469362,-54.9413267455673,82.1430334373251
2027-05-02T08:15:00.000004,6969.39359484408,-57.2497385456526,81.9102586886927
2027-05-02T08:15:05.000004,6966.6241707238,-59.5526492224247,81.9792077215357
2027-05-02T08:15:10.000004,6961.7078259071,-61.8169739481815,81.9107897052431
2027-05-02T08:15:15.000004,6961.14647822781,-63.9433310788043,81.8060564869551
2027-05-02T08:15:20.000004,6972.1110862751,-65.9355967424327,81.7968883097765
2027-05-02T08:15:25.000004,6962.30668106434,-68.2822376894411,81.7959382648365
2027-05-02T08:15:30.000004,6971.2745268554,-70.3572805503999,81.8468880531372
2027-05-02T08:15:35.000004,6965.2786964621,-72.5433431976481,81.5198703086519
2027-05-02T08:15:40.000004,6961.44627668545,-74.3808887563855,81.5398557320228
2027-05-02T08:15:45.000004,6949.79775721797,-76.3812592643897,81.3156857549302
2027-05-02T08:15:50.000004,6940.74225790182,-78.287491250602,81.1687623131529
2027-05-02T08:15:55.000004,6969.91648815115,-80.1356992803749,81.3098456045304
2027-05-02T08:16:00.000004,6974.51107615543,-81.8605737702912,80.8905398091058
2027-05-02T08:16:05.000004,6954.23577361578,-83.5461289479062,80.7632275041392
2027-05-02T08:16:10.000004,6944.52485440529,-85.4093970810391,80.6605227966638
2027-05-02T08:16:15.000004,6956.72401583017,-87.0125403153516,80.4122328008662
2027-05-02T08:16:20.000004,6950.73628595274,-88.5490868349577,80.2395717009313
2027-05-02T08:16:25.000004,6959.10027469638,-89.9708917805728,80.2186952190844
2027-05-02T08:16:30.000004,6972.67712586359,-91.5328286379064,79.911712043545
2027-05-02T08:16:35.000004,6964.99707928088,-92.8769765786286,79.688268511686
2027-05-02T08:16:40.000004,6970.13946756071,-94.175980199915,79.6012389297943
2027-05-02T08:16:45.000004,6975.46788215762,-95.5268653309561,79.3959178056716
2027-05-02T08:16:50.000004,6980.21385760345,-96.7481452816828,79.1625543164488
2027-05-02T08:16:55.000004,6963.06737080728,-98.0412781931618,79.0071426485882
2027-05-02T08:17:00.000004,6969.23454306339,-99.1414014601955,78.6795627184973
2027-05-02T08:17:05.000004,6966.73129139808,-100.332451288762,78.5262659353625
2027-05-02T08:17:10.000004,6968.92622463842,-101.280797966495,78.1667925576958
2027-05-02T08:17:15.000004,6971.52832466187,-102.513283628951,78.0087737563527
2027-05-02T08:17:20.000004,6973.43218018432,-103.389179489372,77.8476596726761
2027-05-02T08:17:25.000004,6959.11601993132,-104.442307007283,77.6297473654549
2027-05-02T08:17:30.000004,6958.06137442417,-105.285574399882,77.3236310382543
2027-05-02T08:17:35.000004,6966.38373857555,-106.123263137974,77.1227266609526
2027-05-02T08:17:40.000004,6979.36547848692,-107.100184285037,76.7982218448509
2027-05-02T08:17:45.000004,6953.30750547204,-107.93657070703,76.5836793109809
2027-05-02T08:17:50.000004,6961.32070732637,-108.808387667685,76.407995933892
2027-05-02T08:17:55.000004,6952.2964007789,-109.393735675003,76.1300740534997
2027-05-02T08:18:00.000004,6968.52262737506,-110.2591953571,75.7980884342376
2027-05-02T08:18:05.000004,6960.36617114235,-110.853236425097,75.6790191685672
2027-05-02T08:18:10.000004,6961.32073650818,-111.60600005762,75.3994674738125
2027-05-02T08:18:15.000004,6957.23481054465,-112.365747550385,75.0202583167018
2027-05-02T08:18:20.000004,6962.82482424908,-112.976346301639,74.8533245477141
2027-05-02T09:35:45.000005,6981.18454134039,12.0488125861167,31.2946639839915
2027-05-02T09:35:50.000005,6958.5266205034,11.8999860753178,31.5746445653568
2027-05-02T09:35:55.000005,6991.65367914771,11.8399769083471,31.8775475997907
2027-05-02T09:36:00.000005,6971.26689224073,11.7147123837237,32.0914714515869
2027-05-02T09:36:05.000005,6956.83025199987,11.6983518903649,32.5552478097321
2027-05-02T09:36:10.000005,6981.76845011432,11.5629080148333,32.8814805658876
2027-05-02T09:36:15.000005,6980.44205471509,11.6549653527667,33.1019291582269
2027-05-02T09:36:20.000005,6981.32355866502,11.5060537322127,33.4853531270337
2027-05-02T09:36:25.000005,6966.99209786258,11.4367100183853,33.7011004525358
2027-05-02T09:36:30.000005,6989.62577646494,11.2983441229721,33.899669729311
2027-05-02T09:36:35.000005,6981.09576799915,11.2969721476308,34.3065167437211
2027-05-02T09:36:40.000005,6972.64456544889,11.1183200846793,34.606324352872
2027-05-02T09:36:45.000005,6987.71181639226,11.1144292949496,34.8329746984307
2027-05-02T09:36:50.000005,6955.25216622228,10.779182750283,35.2232231365895
2027-05-02T09:36:55.000005,6996.59154072534,10.8917464044361,35.5410313904211
2027-05-02T09:37:00.000005,6962.7838549328,10.8253337399295,35.9497416949957
2027-05-02T09:37:05.000005,6996.13211072662,10.8047731252987,36.1327340468448
2027-05-02T09:37:10.000005,6988.03176755258,10.5468912704024,36.5462650030916
2027-05-02T09:37:15.000005,6988.53313490568,10.4762514076556,36.6698923122098
2027-05-02T09:37:20.000005,6970.48053294697,10.3924101266564,37.0509860671733
2027-05-02T09:37:25.000005,6986.84064300035,10.334130015384,37.340982164963
2027-05-02T09:37:30.000005,6973.41039484058,10.2850777267247,37.6720054372853
2027-05-02T09:37:35.000005,6983.67625288065,10.0152994931175,38.0578519683711
2027-05-02T09:37:40.000005,6961.07718557099,10.0681398787154,38.3595505006639
2027-05-02T09:37:45.000005,6969.86969218365,9.91259768729449,38.5920764761984
2027-05-02T09:37:50.000005,6970.28254425619,9.99916201407123,38.9259239054046
2027-05-02T09:37:55.000005,6974.64155589026,9.8776855076859,39.3108227084056
2027-05-02T09:38:00.000005,6961.0529682904,9.56219657260941,39.6383466153302
2027-05-02T09:38:05.000005,6982.49689315233,9.67459687272379,39.8838438702415
2027-05-02T09:38:10.000005,6964.79320958285,9.41913003619941,40.2205107714489
2027-05-02T09:38:15.000005,6978.25059032958,9.38455046320026,40.3679261772508
2027-05-02T09:38:20.000005,6972.9183896943,9.18460985616363,40.7465465375746
2027-05-02T09:38:25.000005,6975.30220848491,9.3202131264995,41.0927163249932
2027-05-02T09:38:30.000005,6974.42801151489,9.08563819623132,41.2598538507409
2027-05-02T09:38:35.000005,6977.21967354409,8.99443013990371,41.6490797532581
2027-05-02T09:38:40.000005,6967.48012933328,9.03948387519906,42.066911357693
2027-05-02T09:38:45.000005,6936.43264308673,8.84218771318672,42.3008099558687
2027-05-02T09:38:50.000005,6978.60036914843,8.73377216529122,42.4612127160027
2027-05-02T09:38:55.000005,6972.18621936466,8.5201899732969,42.9213694346308
2027-05-02T09:39:00.000005,6987.62927197097,8.59520512017102,43.1559462793468
2027-05-02T09:39:05.000005,6979.84356212821,8.503616285963,43.5182300950269
2027-05-02T09:39:10.000005,6965.48791281441,8.50210557624601,43.8213097618597
2027-05-02T09:39:15.000005,6966.202954588,8.332399349115,44.1623180840849
2027-05-02T09:39:20.000005,6984.80024283696,8.1329619155633,44.3956684019074
2027-05-02T09:39:25.000005,6966.26536931505,8.06090772843346,44.6171775373943
2027-05-02T09:39:30.000005,6976.46790550569,7.92386304749446,45.0185994887327
2027-05-02T09:39:35.000005,6972.59105444804,7.70912818765438,45.1925396902931
2027-05-02T09:39:40.000005,6964.46295798552,7.57746208781804,45.6892441286214
2027-05-02T09:39:45.000005,6967.74393359859,7.67792358164183,45.8924531756427
2027-05-02T09:39:50.000005,6977.66648043835,7.4113948943628,46.1565723351037
2027-05-02T09:39:55.000005,6962.44030892534,7.50692574270781,46.4366071489202
2027-05-02T09:40:00.000005,6983.93201916856,7.12584710156597,46.9108341317798
2027-05-02T09:40:05.000005,6956.7863485256,7.19155387647576,47.0896399306116
2027-05-02T09:40:10.000005,6977.57777198987,7.14199572782449,47.3873107391664
2027-05-02T09:40:15.000005,6990.55944334041,6.89061719131352,47.8449201523527
2027-05-02T09:40:20.000005,6977.51566579472,6.83559408360178,48.1394598183543
2027-05-02T09:40:25.000005,6961.03503726715,6.71854940762467,48.3794202566989
2027-05-02T09:40:30.000005,6961.77786806717,6.42304456717789,48.719058295804
2027-05-02T09:40:35.000005,6973.57025039161,6.47634063290336,49.1304017754813
2027-05-02T09:40:40.000005,6967.80201134187,6.24823909769774,49.2624717223107
2027-05-02T09:40:45.000005,6988.41548018309,6.25352819453571,49.7037695328804
2027-05-02T09:40:50.000005,6973.59767545166,6.13522888148041,49.8010518822682
2027-05-02T09:40:55.000005,6974.16857518421,6.02499057016111,50.0761058893237
2027-05-02T09:41:00.000005,6973.19589302707,5.85532087302113,50.4586663598545
2027-05-02T09:41:05.000005,6963.36636834034,5.80687629236758,50.7713883909379
2027-05-02T09:41:10.000005,6975.60496113779,5.63570968030705,51.1211046627407
2027-05-02T09:41:15.000005,6975.25263418261,5.39924022186989,51.430650184676
2027-05-02T09:41:20.000005,6978.08191914072,5.23245289379443,51.8530344596882
2027-05-02T09:41:25.000005,6959.46244183152,5.05821598523417,51.9381062747746
2027-05-02T09:41:30.000005,6975.89514657114,5.18760959047958,52.3163059329476
2027-05-02T09:41:35.000005,6976.06155055777,4.97860112403808,52.544941865786
2027-05-02T09:41:40.000005,6975.33891992894,4.78022976308761,52.8738499168391
2027-05-02T09:41:45.000005,6971.50533646022,4.4911655870342,53.2237917397322
2027-05-02T09:41:50.000005,6988.42638013066,4.56011156731903,53.5460915685566
2027-05-02T11:05:00.000005,6979.90722216006,-6.03586681624782,4.22788500377236
2027-05-02T11:05:05.000005,6977.07869395928,-6.16213920959555,4.69169562813754
2027-05-02T11:05:10.000005,6972.05947173592,-6.08194779904391,4.99184542795385
2027-05-02T11:05:15.000005,6987.71647744129,-6.24058476302559,5.22163303520177
2027-05-02T11:05:20.000005,6969.63202357306,-6.37994957860609,5.67560170322784
2027-05-02T11:05:25.000005,6947.70227452052,-6.24555298506913,5.77703910166479
2027-05-02T11:05:30.000005,6991.61883774993,-6.25883697599732,6.09026800922141
2027-05-02T11:05:35.000005,6981.82498162289,-6.51461100418933,6.53603542784156
2027-05-02T11:05:40.000005,6980.23497403794,-6.55598837346531,6.74888030064987
2027-05-02T11:05:45.000005,6972.93298016703,-6.55570579044647,7.06167929210202
2027-05-02T11:05:50.000005,6980.68482633447,-6.65646030863911,7.47182832789096
2027-05-02T11:05:55.000005,6992.44080391028,-6.66552408043614,7.65850238403032
2027-05-02T11:06:00.000005,6974.16233244758,-6.84955810214481,8.07403873842901
2027-05-02T11:06:05.000005,6975.56730809526,-7.00999097152773,8.1968071168175
2027-05-02T11:06:10.000005,6975.88951253067,-6.87772823544846,8.67025581524231
2027-05-02T11:06:15.000005,6973.33439082372,-7.00197836607071,8.93217606385021
2027-05-02T11:06:20.000005,6978.85312821969,-7.09352550873331,9.14580555332616
2027-05-02T11:06:25.000005,6988.28893981442,-7.06949083992795,9.49669767139162
2027-05-02T11:06:30.000005,6993.0987041613,-7.18665165027677,9.84692137066162
2027-05-02T11:06:35.000005,6985.78562122388,-7.35206787639503,10.0857824681205
2027-05-02T11:06:40.000005,6970.18587793579,-7.33172917050971,10.5437309018898
2027-05-02T11:06:45.000005,6983.6453722205,-7.26318510688205,10.7706317699107
2027-05-02T11:06:50.000005,6994.21403283721,-7.46196784138716,11.0003805605037
2027-05-02T11:06:55.000005,6960.70159028167,-7.50312372105246,11.4251662031504
2027-05-02T11:07:00.000005,6985.23442933775,-7.67755067350111,11.7512718147407
2027-05-02T11:07:05.000005,6963.69110943689,-7.61168056578723,11.9669466408203
2027-05-02T11:07:10.000005,6977.08570457273,-7.74989630360003,12.2967745956702
2027-05-02T11:07:15.000005,6973.33595606561,-7.80911767346508,12.681318356232
2027-05-02T11:07:20.000005,6991.088452642,-7.72647025408898,12.8060720587976
2027-05-02T11:07:25.000005,6993.19566685527,-7.95529580838578,13.2315386654486
2027-05-02T11:07:30.000005,6998.56637313234,-8.15939041720937,13.4988899069564
2027-05-02T11:07:35.000005,6969.35662591041,-8.06832936236297,13.8896755730901
2027-05-02T11:07:40.000005,6974.23130020418,-8.07868892114621,14.343186754837
2027-05-02T11:07:45.000005,6958.13876383731,-8.23234871013298,14.4358416519585
2027-05-02T11:07:50.000005,6989.5758341743,-8.19063798417668,14.7912648570969
2027-05-02T11:07:55.000005,6978.92081581327,-8.29026985322885,15.0520365316224
2027-05-02T11:08:00.000005,6966.71567986019,-8.47241677805047,15.3683255262321
2027-05-02T11:08:05.000005,6991.55850203187,-8.37608317615553,15.558822395254
2027-05-02T11:08:10.000005,6979.65735932393,-8.57816106421312,16.1487362862591
2027-05-02T11:08:15.000005,6970.22444035027,-8.58717116090842,16.3431053861131
2027-05-02T11:08:20.000005,6979.0569160242,-8.61400943730495,16.6873303183287
2027-05-02T11:08:25.000005,6979.35752825683,-8.76292874253529,16.948278656192
2027-05-02T11:08:30.000005,6976.32844778357,-8.82884414500298,17.2626002431066
2027-05-02T11:08:35.000005,6987.51677942943,-8.90713020515562,17.449733902635
2027-05-02T11:08:40.000005,6978.85505341032,-8.97387397814359,17.737324148116
2027-05-02T11:08:45.000005,6995.27126173897,-9.02467508865409,18.1762155122317
2027-05-02T11:08:50.000005,6985.02335473814,-9.00752934059456,18.3224775804463
2027-05-02T11:08:55.000005,6974.50239380646,-9.22886841001157,18.7295241750898
2027-05-02T11:09:00.000005,6980.26579452305,-9.15397795436282,18.9912444124976
2027-05-02T11:09:05.000005,6974.42877568578,-9.33486780306228,19.2443955407659
2027-05-02T11:09:10.000005,6980.80943516336,-9.32368205198979,19.6750391540835
2027-05-02T11:09:15.000005,6958.76123850851,-9.50583277996788,19.9566278914777
2027-05-02T11:09:20.000005,6972.62119073597,-9.51633268595535,20.2725157642152
2027-05-02T11:09:25.000005,6996.5002962309,-9.46115171357866,20.492864147926
2027-05-02T11:09:30.000005,6993.50142914956,-9.65771306343444,20.9874411435797
2027-05-02T11:09:35.000005,6990.50547436164,-9.69407869546518,21.1219155847357
2027-05-02T11:09:40.000005,6971.50632007096,-9.78042867656096,21.569829001288
2027-05-02T11:09:45.000005,6985.24645045929,-9.82997526444055,21.8883592418361
2027-05-02T11:09:50.000005,6972.10695166369,-9.86463802818162,22.1370906920238
2027-05-02T11:09:55.000005,6967.87989722831,-10.0317936478617,22.4446294857647
2027-05-02T11:10:00.000005,6985.32602886056,-10.0355183229398,22.7242148260726
2027-05-02T11:10:05.000005,6964.44677888866,-10.0337537772204,23.1561119779924
2027-05-02T11:10:10.000005,6960.93612866157,-10.2218990525836,23.3591760374436
2027-05-02T11:10:15.000005,6980.53659755653,-10.3454475983182,23.5190000678574
2027-05-02T11:10:20.000005,6992.71451219389,-10.3692954770154,23.8795221630701
2027-05-02T11:10:25.000005,6969.84768349536,-10.397048035798,24.2549314445724
2027-05-02T11:10:30.000005,6973.27284144809,-10.4471415300202,24.4363994132716
2027-05-02T11:10:35.000005,6973.96268476342,-10.7037637104929,24.9350009512137
2027-05-02T11:10:40.000005,6977.44793802648,-10.5550296845798,25.1650257947138
2027-05-02T11:10:45.000005,6984.04217404833,-10.7466207887263,25.4614646455254
2027-05-02T11:10:50.000005,6981.86549590404,-10.5667092750824,25.8030217113714
2027-05-02T11:10:55.000005,6959.55836215291,-10.7818085314069,26.0941375615502
2027-05-02T11:11:00.000005,6971.97073932651,-10.9852321728674,26.377894608072
2027-05-02T11:11:05.000005,6973.5304274922,-10.979067627132,26.7809937819485
2027-05-02T11:11:10.000005,6968.86145390361,-11.0376540664427,27.0010181895766
2027-05-02T11:11:15.000005,6963.67548820344,-11.1271495862592,27.2915625906507
2027-05-02T11:11:20.000005,6958.08637429131,-11.2457299687528,27.8183687271184
2027-05-02T11:11:25.000005,6997.02372888081,-11.242846365637,28.0118404648843
2027-05-02T11:11:30.000005,6961.91551595652,-11.3646745056539,28.1804914580013
2027-05-02T11:11:35.000005,6978.29221165389,-11.4873815997712,28.5999744793825
2027-05-02T11:11:40.000005,6977.52235824042,-11.5586070198982,28.9578558371505
